#删库
# DROP DATABASE ztsfs;
#
##创建数据库
# CREATE DATABASE `ztsfs` DEFAULT CHARACTER SET utf8;

# USE `ztsfs`;
##取消外键约束
# SET FOREIGN_KEY_CHECKS=0;

INSERT INTO `ztsfs`.`zt_menu` (`id`, `component`, `iconCls`, `keepAlive`, `name`, `parentId`, `path`, `requireAuth`, `url`, `pid`, `enabled`) VALUES ('1', NULL, NULL, '0', '所有', '0', NULL, '0', '/', NULL, b'1');
INSERT INTO `ztsfs`.`zt_menu` (`id`, `component`, `iconCls`, `keepAlive`, `name`, `parentId`, `path`, `requireAuth`, `url`, `pid`, `enabled`) VALUES ('2', 'Home', 'el-icon-menu', '0', '部门管理', '1', '/home', '1', '/', '1', b'1');
INSERT INTO `ztsfs`.`zt_menu` (`id`, `component`, `iconCls`, `keepAlive`, `name`, `parentId`, `path`, `requireAuth`, `url`, `pid`, `enabled`) VALUES ('3', 'Home', 'el-icon-menu', '0', '综合管理', '1', '/home', '1', '/', '1', b'1');
INSERT INTO `ztsfs`.`zt_menu` (`id`, `component`, `iconCls`, `keepAlive`, `name`, `parentId`, `path`, `requireAuth`, `url`, `pid`, `enabled`) VALUES ('4', 'Emp', NULL, '0', '员工', '2', '/emp/info', '1', '/emp/**', '2', b'1');
INSERT INTO `ztsfs`.`zt_menu` (`id`, `component`, `iconCls`, `keepAlive`, `name`, `parentId`, `path`, `requireAuth`, `url`, `pid`, `enabled`) VALUES ('5', 'Department', NULL, '0', '部门', '2', '/emp/department', '1', '/depart/**', '2', b'1');
INSERT INTO `ztsfs`.`zt_menu` (`id`, `component`, `iconCls`, `keepAlive`, `name`, `parentId`, `path`, `requireAuth`, `url`, `pid`, `enabled`) VALUES ('6', 'Position', NULL, '0', '职位', '2', '/emp/position', '1', '/position/**', '2', b'1');
INSERT INTO `ztsfs`.`zt_menu` (`id`, `component`, `iconCls`, `keepAlive`, `name`, `parentId`, `path`, `requireAuth`, `url`, `pid`, `enabled`) VALUES ('7', 'Position', NULL, '0', '职位', '2', '/emp/position', '1', '/position/**', '2', b'1');
INSERT INTO `ztsfs`.`zt_menu` (`id`, `component`, `iconCls`, `keepAlive`, `name`, `parentId`, `path`, `requireAuth`, `url`, `pid`, `enabled`) VALUES ('8', 'Car', NULL, '0', '车辆信息', '3', '/car/infor', '1', '/vehicle/**', '3', b'1');
INSERT INTO `ztsfs`.`zt_menu` (`id`, `component`, `iconCls`, `keepAlive`, `name`, `parentId`, `path`, `requireAuth`, `url`, `pid`, `enabled`) VALUES ('9', 'CarRequest', NULL, '0', '用车申请', '3', '/car/askRequest', '1', '/askedvehicle/**', '3', b'1');
INSERT INTO `ztsfs`.`zt_menu` (`id`, `component`, `iconCls`, `keepAlive`, `name`, `parentId`, `path`, `requireAuth`, `url`, `pid`, `enabled`) VALUES ('10', 'CarRecord', NULL, '0', '行车记录', '3', '/car/carRecord', '1', '/vehiclerecord/**', '3', b'1');
INSERT INTO `ztsfs`.`zt_menu` (`id`, `component`, `iconCls`, `keepAlive`, `name`, `parentId`, `path`, `requireAuth`, `url`, `pid`, `enabled`) VALUES ('11', 'CarRepair', NULL, '0', '车辆维护', '3', '/car/carRepair', '1', '/vehicleRepair/**', '3', b'1');
INSERT INTO `ztsfs`.`zt_menu` (`id`, `component`, `iconCls`, `keepAlive`, `name`, `parentId`, `path`, `requireAuth`, `url`, `pid`, `enabled`) VALUES ('12', 'Product', NULL, '0', '产品管理', '3', '/product/infor', '1', '/product/**', '3', b'1');
INSERT INTO `ztsfs`.`zt_menu` (`id`, `component`, `iconCls`, `keepAlive`, `name`, `parentId`, `path`, `requireAuth`, `url`, `pid`, `enabled`) VALUES ('13', 'ProductStep', NULL, '0', '工序步骤', '3', '/product/workStep', '1', '/workStep/**', '3', b'1');
INSERT INTO `ztsfs`.`zt_menu` (`id`, `component`, `iconCls`, `keepAlive`, `name`, `parentId`, `path`, `requireAuth`, `url`, `pid`, `enabled`) VALUES ('14', 'Chat', NULL, '0', '通知', NULL, '/chat', '1', '/chat/**', '1', b'1');
INSERT INTO `ztsfs`.`zt_menu` (`id`, `component`, `iconCls`, `keepAlive`, `name`, `parentId`, `path`, `requireAuth`, `url`, `pid`, `enabled`) VALUES ('15', 'Chat', NULL, '0', '通知', NULL, '/chat', '1', '/chat/markread', '1', b'1');
INSERT INTO `ztsfs`.`zt_menu` (`id`, `component`, `iconCls`, `keepAlive`, `name`, `parentId`, `path`, `requireAuth`, `url`, `pid`, `enabled`) VALUES ('17', 'Home', NULL, '0', '系统管理', '1', '/home', '1', '/', '1', b'1');
INSERT INTO `ztsfs`.`zt_menu` (`id`, `component`, `iconCls`, `keepAlive`, `name`, `parentId`, `path`, `requireAuth`, `url`, `pid`, `enabled`) VALUES ('18', 'User', NULL, '0', '用户管理', '17', '/user', '1', '/users/**', '17', b'1');
INSERT INTO `ztsfs`.`zt_menu` (`id`, `component`, `iconCls`, `keepAlive`, `name`, `parentId`, `path`, `requireAuth`, `url`, `pid`, `enabled`) VALUES ('16', 'Sysrole', NULL, '0', '角色', '17', '/sysrole', '1', '/sysrole/**', '17', b'1');

INSERT INTO `ztsfs`.`zt_users` (`id`, `enabled`, `password`, `phone`, `userface`, `username`, `empName`, `empId`) VALUES ('1', '1', '$2a$10$ySG2lkvjFHY5O0./CPIE1OI8VJsuKYEzOYzqIa7AJR6sEgSzUFOAm', '150008899', 'http://117.34.91.119:8085/headimg/1.jpg', '张三', '张三', '3');
INSERT INTO `ztsfs`.`zt_users` (`id`, `enabled`, `password`, `phone`, `userface`, `username`, `empName`, `empId`) VALUES ('2', '1', '$2a$10$ySG2lkvjFHY5O0./CPIE1OI8VJsuKYEzOYzqIa7AJR6sEgSzUFOAm', '13255588899', 'http://117.34.91.119:8085/headimg/3.jpg', '李四', '李四', '1');
INSERT INTO `ztsfs`.`zt_users` (`id`, `enabled`, `password`, `phone`, `userface`, `username`, `empName`, `empId`) VALUES ('3', '1', '$2a$10$ySG2lkvjFHY5O0./CPIE1OI8VJsuKYEzOYzqIa7AJR6sEgSzUFOAm', '11656565', 'http://117.34.91.119:8085/headimg/2.jpg', '王五', '王五', '2');

INSERT INTO `ztsfs`.`zt_position` (`id`, `createDate`, `enabled`, `name`, `specification`, `posNumber`) VALUES ('1', '2019-05-28', '1', '主管', '主管', '1');
INSERT INTO `ztsfs`.`zt_position` (`id`, `createDate`, `enabled`, `name`, `specification`, `posNumber`) VALUES ('2', '2019-05-28', '1', '副主管', '主管', '2');
INSERT INTO `ztsfs`.`zt_position` (`id`, `createDate`, `enabled`, `name`, `specification`, `posNumber`) VALUES ('3', '2019-05-28', '1', '员工', '员工', '3');

INSERT INTO `ztsfs`.`zt_employee` (`id`, `address`, `birthday`, `createDate`, `departmentId`, `departmentName`, `email`, `enabled`, `entryDate`, `gender`, `name`, `phone`, `positionId`, `positionName`, `username`) VALUES ('1', 'asd', NULL, '2019-05-23', '2', '生产', 'dfa@163.com', '1', NULL, '1', '李四', '14788888888', '2', '主管', NULL);
INSERT INTO `ztsfs`.`zt_employee` (`id`, `address`, `birthday`, `createDate`, `departmentId`, `departmentName`, `email`, `enabled`, `entryDate`, `gender`, `name`, `phone`, `positionId`, `positionName`, `username`) VALUES ('2', '电子正街', '2019-05-24 14:25:34', '2019-05-24', '1', '综合', '阿萨德@163.com', '1', NULL, '1', '王五', '15699998888', '3', '员工', NULL);
INSERT INTO `ztsfs`.`zt_employee` (`id`, `address`, `birthday`, `createDate`, `departmentId`, `departmentName`, `email`, `enabled`, `entryDate`, `gender`, `name`, `phone`, `positionId`, `positionName`, `username`) VALUES ('3', '昂啊', NULL, '2019-05-23', '1', '综合', 'tang@163.com', '1', NULL, '1', '张三', '15688889999', '2', '主管', NULL);
INSERT INTO `ztsfs`.`zt_employee` (`id`, `address`, `birthday`, `createDate`, `departmentId`, `departmentName`, `email`, `enabled`, `entryDate`, `gender`, `name`, `phone`, `positionId`, `positionName`, `username`) VALUES ('4', '阿萨德', '2019-05-30 16:00:00', NULL, '1', '综合', 'as@163.com', '1', '2019-05-21 16:00:00', '1', '小何', '15688994433', '58', '员工', NULL);

INSERT INTO `ztsfs`.`zt_department` (`Id`, `createDate`, `deNumber`, `describes`, `enable`, `name`) VALUES ('1', '2019-05-28', 'ADMINISTRATION', '综合', '1', '综合');
INSERT INTO `ztsfs`.`zt_department` (`Id`, `createDate`, `deNumber`, `describes`, `enable`, `name`) VALUES ('2', '2019-05-28', 'PRODUCTION', '生产部门', '1', '生产');
INSERT INTO `ztsfs`.`zt_department` (`Id`, `createDate`, `deNumber`, `describes`, `enable`, `name`) VALUES ('3', '2019-05-28', 'MARKETING', '市场', '1', '市场部');
INSERT INTO `ztsfs`.`zt_department` (`Id`, `createDate`, `deNumber`, `describes`, `enable`, `name`) VALUES ('4', '2019-05-28', 'DEVELOPMENT', '研发部', '1', '研发');
INSERT INTO `ztsfs`.`zt_department` (`Id`, `createDate`, `deNumber`, `describes`, `enable`, `name`) VALUES ('5', '2019-05-28', 'FINANCE', '财务', '1', '财务部');


INSERT INTO `ztsfs`.`zt_sysrole` (`id`, `name`, `roleName`, `enabled`) VALUES ('1', 'ROLE_admin', '系统管理员', '1');
INSERT INTO `ztsfs`.`zt_sysrole` (`id`, `name`, `roleName`, `enabled`) VALUES ('2', 'ROLE_aman', '综合', '1');
INSERT INTO `ztsfs`.`zt_users_roles` (`Users_id`, `roles_id`) VALUES ('1', '1');
INSERT INTO `ztsfs`.`zt_users_roles` (`Users_id`, `roles_id`) VALUES ('2', '1');
INSERT INTO `ztsfs`.`zt_users_roles` (`Users_id`, `roles_id`) VALUES ('3', '1');

INSERT INTO `ztsfs`.`menu_sysrole` (`menuId`, `sysroleId`) VALUES ('4', '1');
INSERT INTO `ztsfs`.`menu_sysrole` (`menuId`, `sysroleId`) VALUES ('5', '1');
INSERT INTO `ztsfs`.`menu_sysrole` (`menuId`, `sysroleId`) VALUES ('6', '1');
INSERT INTO `ztsfs`.`menu_sysrole` (`menuId`, `sysroleId`) VALUES ('7', '1');
INSERT INTO `ztsfs`.`menu_sysrole` (`menuId`, `sysroleId`) VALUES ('8', '1');
INSERT INTO `ztsfs`.`menu_sysrole` (`menuId`, `sysroleId`) VALUES ('9', '1');
INSERT INTO `ztsfs`.`menu_sysrole` (`menuId`, `sysroleId`) VALUES ('10', '1');
INSERT INTO `ztsfs`.`menu_sysrole` (`menuId`, `sysroleId`) VALUES ('12', '1');
INSERT INTO `ztsfs`.`menu_sysrole` (`menuId`, `sysroleId`) VALUES ('11', '1');
INSERT INTO `ztsfs`.`menu_sysrole` (`menuId`, `sysroleId`) VALUES ('13', '1');
INSERT INTO `ztsfs`.`menu_sysrole` (`menuId`, `sysroleId`) VALUES ('14', '1');
INSERT INTO `ztsfs`.`menu_sysrole` (`menuId`, `sysroleId`) VALUES ('15', '1');
INSERT INTO `ztsfs`.`menu_sysrole` (`menuId`, `sysroleId`) VALUES ('16', '1');
INSERT INTO `ztsfs`.`menu_sysrole` (`menuId`, `sysroleId`) VALUES ('18', '1');



INSERT INTO `ztsfs`.`zt_client` (`id`, `abbreviation`, `address`, `addressDetails`, `createDate`, `email`, `enabled`, `fax`, `infor`, `name`, `parentClientId`, `parentName`, `phone`, `status`, `parent_id`) VALUES ('1', NULL, '北三环', NULL, NULL, '1@3.com', '1', NULL, NULL, '金泽物流', '0', NULL, '13333333333', 'up', NULL);
INSERT INTO `ztsfs`.`zt_client` (`id`, `abbreviation`, `address`, `addressDetails`, `createDate`, `email`, `enabled`, `fax`, `infor`, `name`, `parentClientId`, `parentName`, `phone`, `status`, `parent_id`) VALUES ('2', NULL, '12', NULL, NULL, '1@1.com', '1', NULL, NULL, '腾达物流', '0', NULL, '13344444444', 'up', NULL);
INSERT INTO `ztsfs`.`zt_client` (`id`, `abbreviation`, `address`, `addressDetails`, `createDate`, `email`, `enabled`, `fax`, `infor`, `name`, `parentClientId`, `parentName`, `phone`, `status`, `parent_id`) VALUES ('3', NULL, '', NULL, NULL, '1@1.com', '1', NULL, NULL, '金泽总部', '3', '金泽物流', '13322222222', 'down', '3');
INSERT INTO `ztsfs`.`zt_client` (`id`, `abbreviation`, `address`, `addressDetails`, `createDate`, `email`, `enabled`, `fax`, `infor`, `name`, `parentClientId`, `parentName`, `phone`, `status`, `parent_id`) VALUES ('4', NULL, '', NULL, NULL, '1@1.com', '1', NULL, NULL, '好看', '3', '金泽物流', '13222222222', 'down', '3');
INSERT INTO `ztsfs`.`zt_client` (`id`, `abbreviation`, `address`, `addressDetails`, `createDate`, `email`, `enabled`, `fax`, `infor`, `name`, `parentClientId`, `parentName`, `phone`, `status`, `parent_id`) VALUES ('5', NULL, '', NULL, NULL, '1@1.com', '1', NULL, NULL, '一一', '3', '金泽总部', '13233333333', 'down', '3');
INSERT INTO `ztsfs`.`zt_client` (`id`, `abbreviation`, `address`, `addressDetails`, `createDate`, `email`, `enabled`, `fax`, `infor`, `name`, `parentClientId`, `parentName`, `phone`, `status`, `parent_id`) VALUES ('6', NULL, '', NULL, NULL, '1@1.com', '1', NULL, NULL, '金泽分部', '3', '金泽物流', '13222222221', 'down', '3');
INSERT INTO `ztsfs`.`zt_client` (`id`, `abbreviation`, `address`, `addressDetails`, `createDate`, `email`, `enabled`, `fax`, `infor`, `name`, `parentClientId`, `parentName`, `phone`, `status`, `parent_id`) VALUES ('7', '延长', '陕西西安', NULL, NULL, '1@1.com', '1', NULL, '高新区', '延长石油股份有限公司', '0', NULL, '13333331111', 'down', NULL);
INSERT INTO `ztsfs`.`zt_client` (`id`, `abbreviation`, `address`, `addressDetails`, `createDate`, `email`, `enabled`, `fax`, `infor`, `name`, `parentClientId`, `parentName`, `phone`, `status`, `parent_id`) VALUES ('8', '吴起', '陕西省吴起县', NULL, NULL, '1@1.com', '1', NULL, '吴定大街2号', '吴起采油厂', '7', '延长石油股份有限公司', '13444445555', 'down', '7');
INSERT INTO `ztsfs`.`zt_client` (`id`, `abbreviation`, `address`, `addressDetails`, `createDate`, `email`, `enabled`, `fax`, `infor`, `name`, `parentClientId`, `parentName`, `phone`, `status`, `parent_id`) VALUES ('9', '吴采', '1212', NULL, NULL, '1@1.com', '1', NULL, '2号楼', '吴起采油厂生产组', '7', '吴起采油厂', '13455556677', 'down', '7');


INSERT INTO `ztsfs`.`zt_client_child` (`Client_id`, `child_id`) VALUES ('3', '4');
INSERT INTO `ztsfs`.`zt_client_child` (`Client_id`, `child_id`) VALUES ('3', '5');
INSERT INTO `ztsfs`.`zt_client_child` (`Client_id`, `child_id`) VALUES ('3', '6');
INSERT INTO `ztsfs`.`zt_client_child` (`Client_id`, `child_id`) VALUES ('7', '8');
INSERT INTO `ztsfs`.`zt_client_child` (`Client_id`, `child_id`) VALUES ('7', '9');

-- INSERT INTO `ztsfs`.zt_rowmaterial (`id`, `createDate`, `enabled`, `materialName`, `moldType`, `notes`, `quantity`, `specs`, `storeStatue`, `unitId`, `unitName`, `unit_id`, `buyStatus`) VALUES ('1', '2019-06-25 00:00:00', '1', '塑料abs聚乙烯', 'null', 'null', '0.0000', '123', '0.0000', '1', '吨', '1', '0');
-- INSERT INTO `ztsfs`.`zt_rowmaterial` (`id`, `createDate`, `enabled`, `materialName`, `moldType`, `notes`, `quantity`, `specs`, `storeStatue`, `unitId`, `unitName`, `unit_id`, `buyStatus`) VALUES ('2', '2019-06-25 00:00:00', '1', '纸盒', 'null', 'null', '0.0000', '21mmX15 （小）', '0.0000', '2', '件', '2', '0');
--
-- INSERT INTO `ztsfs`.`zt_sysunit` (`id`, `code`, `createDate`, `enabled`, `name`) VALUES ('2', 'P', '2019-06-25 00:00:00', b'1', '件');

INSERT INTO `ztsfs`.`zt_sysunit` (`id`, `code`, `createDate`, `enabled`, `name`) VALUES ('1', 'kg', '2019-06-28 00:00:00', b'1', '千克');
INSERT INTO `ztsfs`.`zt_sysunit` (`id`, `code`, `createDate`, `enabled`, `name`) VALUES ('2', 'kg', '2019-06-28 00:00:00', b'1', '公斤');
INSERT INTO `ztsfs`.`zt_sysunit` (`id`, `code`, `createDate`, `enabled`, `name`) VALUES ('3', 'a', '2019-06-28 00:00:00', b'1', '枚');
INSERT INTO `ztsfs`.`zt_sysunit` (`id`, `code`, `createDate`, `enabled`, `name`) VALUES ('4', 'P', '2019-06-28 00:00:00', b'1', '双');
INSERT INTO `ztsfs`.`zt_sysunit` (`id`, `code`, `createDate`, `enabled`, `name`) VALUES ('5', 'mm', '2019-06-28 00:00:00', b'1', '毫米');


-- INSERT INTO `ztsfs`.`zt_rowmaterial` (`id`, `buyStatus`, `createDate`, `enabled`, `materialName`, `moldType`, `notes`, `quantity`, `specs`, `storeStatue`, `unitId`, `unitName`, `unit_id`) VALUES ('1', '1', '2019-07-02 00:00:00', '1', '小纸盒', 'null', '', '-900000.0000', '施封锁（蓝色）', '0.0000', '7', '个', '7');
-- INSERT INTO `ztsfs`.`zt_rowmaterial` (`id`, `buyStatus`, `createDate`, `enabled`, `materialName`, `moldType`, `notes`, `quantity`, `specs`, `storeStatue`, `unitId`, `unitName`, `unit_id`) VALUES ('2', '1', '2019-07-02 00:00:00', '1', '小纸盒', NULL, '', '-50000.0000', '施封锁（绿色）', '0.0000', '7', '个', '7');
-- INSERT INTO `ztsfs`.`zt_rowmaterial` (`id`, `buyStatus`, `createDate`, `enabled`, `materialName`, `moldType`, `notes`, `quantity`, `specs`, `storeStatue`, `unitId`, `unitName`, `unit_id`) VALUES ('3', '0', '2019-07-02 00:00:00', '1', '大纸箱', 'null', '', '5000.0000', '常规尺寸', '0.0000', '7', '个', '7');
INSERT INTO `ztsfs`.`zt_rowmaterial` (`id`, `buyStatus`, `createDate`, `enabled`, `materialName`, `moldType`, `notes`, `quantity`, `specs`, `storeStatue`, `unitId`, `unitName`, `unit_id`) VALUES ('4', '1', '2019-07-02 00:00:00', '1', '阻燃ABS', NULL, '', '-33.0000', '', '500.0000', '2', '公斤', '2');
INSERT INTO `ztsfs`.`zt_rowmaterial` (`id`, `buyStatus`, `createDate`, `enabled`, `materialName`, `moldType`, `notes`, `quantity`, `specs`, `storeStatue`, `unitId`, `unitName`, `unit_id`) VALUES ('5', '0', '2019-07-05 18:09:52', '1', '劳保手套', NULL, '', '49.0000', '防水', '500.0000', '4', '双', '4');
INSERT INTO `ztsfs`.`zt_rowmaterial` (`id`, `buyStatus`, `createDate`, `enabled`, `materialName`, `moldType`, `notes`, `quantity`, `specs`, `storeStatue`, `unitId`, `unitName`, `unit_id`) VALUES ('6', '0', '2019-07-05 18:10:04', '1', '普通手套', NULL, '', '29.0000', '胶皮', '500.0000', '4', '双', '4');
INSERT INTO `ztsfs`.`zt_rowmaterial` (`id`, `buyStatus`, `createDate`, `enabled`, `materialName`, `moldType`, `notes`, `quantity`, `specs`, `storeStatue`, `unitId`, `unitName`, `unit_id`) VALUES ('7', '1', '2019-07-08 09:27:29', '1', '聚乙烯', NULL, '', '400.0000', 'AA', '500.0000', '1', '千克', '1');
INSERT INTO `ztsfs`.`zt_rowmaterial` (`id`, `buyStatus`, `createDate`, `enabled`, `materialName`, `moldType`, `notes`, `quantity`, `specs`, `storeStatue`, `unitId`, `unitName`, `unit_id`) VALUES ('8', '0', '2019-07-08 09:27:40', '1', '聚丙烯', NULL, '', '99.0000', 'BB', '500.0000', '1', '千克', '1');


INSERT INTO `ztsfs`.`zt_msgcontent` (`id`, `backoutDate`, `backoutId`, `backoutName`, `createDate`, `message`, `msg`, `msgStyleId`, `title`, `userId`, `username`) VALUES ('1', NULL, NULL, NULL, '2019-07-02 09:37:17', '2019-07-02采购单', 'PurchasePlan', '1', '张三新建了一个采购计划', '1', '张三');
INSERT INTO `ztsfs`.`zt_msgcontent` (`id`, `backoutDate`, `backoutId`, `backoutName`, `createDate`, `message`, `msgStyle`, `msgStyleId`, `title`, `userId`, `username`) VALUES ('2', NULL, NULL, NULL, '2019-07-02 09:49:30', '2019-07-02采购单', 'PurchasePlan', '2', '张三新建了一个采购计划', '1', '张三');
INSERT INTO `ztsfs`.`zt_msgcontent` (`id`, `backoutDate`, `backoutId`, `backoutName`, `createDate`, `message`, `msgStyle`, `msgStyleId`, `title`, `userId`, `username`) VALUES ('3', NULL, NULL, NULL, '2019-07-02 15:33:52', '2019-07-02采购单', 'PurchasePlan', '3', '张三新建了一个采购计划', '1', '张三');
INSERT INTO `ztsfs`.`zt_msgcontent` (`id`, `backoutDate`, `backoutId`, `backoutName`, `createDate`, `message`, `msgStyle`, `msgStyleId`, `title`, `userId`, `username`) VALUES ('4', NULL, NULL, NULL, '2019-07-02 18:00:59', '2019-07-02采购单', 'PurchasePlan', '4', '张三新建了一个采购计划', '1', '张三');
INSERT INTO `ztsfs`.`zt_msgcontent` (`id`, `backoutDate`, `backoutId`, `backoutName`, `createDate`, `message`, `msgStyle`, `msgStyleId`, `title`, `userId`, `username`) VALUES ('5', NULL, NULL, NULL, '2019-07-05 17:35:13', '2019-07-05采购单', 'MidProductPurchasePlan', '1', '张三新建了一个采购计划', '1', '张三');
INSERT INTO `ztsfs`.`zt_msgcontent` (`id`, `backoutDate`, `backoutId`, `backoutName`, `createDate`, `message`, `msgStyle`, `msgStyleId`, `title`, `userId`, `username`) VALUES ('6', NULL, NULL, NULL, '2019-07-05 17:36:09', '2019-07-05采购单', 'MidProductPurchasePlan', '2', '张三新建了一个采购计划', '1', '张三');
INSERT INTO `ztsfs`.`zt_msgcontent` (`id`, `backoutDate`, `backoutId`, `backoutName`, `createDate`, `message`, `msgStyle`, `msgStyleId`, `title`, `userId`, `username`) VALUES ('7', NULL, NULL, NULL, '2019-07-05 17:36:40', '2019-07-05采购单', 'MidProductPurchasePlan', '3', '张三新建了一个采购计划', '1', '张三');
INSERT INTO `ztsfs`.`zt_msgcontent` (`id`, `backoutDate`, `backoutId`, `backoutName`, `createDate`, `message`, `msgStyle`, `msgStyleId`, `title`, `userId`, `username`) VALUES ('8', NULL, NULL, NULL, '2019-07-05 17:36:47', NULL, 'MidProductPurchasePlan', '2', '张三修改了一个采购计划', '1', '张三');
INSERT INTO `ztsfs`.`zt_msgcontent` (`id`, `backoutDate`, `backoutId`, `backoutName`, `createDate`, `message`, `msgStyle`, `msgStyleId`, `title`, `userId`, `username`) VALUES ('9', NULL, NULL, NULL, '2019-07-05 17:43:10', NULL, 'MidProductPurchasePlan', '3', '张三修改了一个采购计划', '1', '张三');
INSERT INTO `ztsfs`.`zt_msgcontent` (`id`, `backoutDate`, `backoutId`, `backoutName`, `createDate`, `message`, `msgStyle`, `msgStyleId`, `title`, `userId`, `username`) VALUES ('10', NULL, NULL, NULL, '2019-07-05 18:07:40', '2019-07-05采购单', 'PurchasePlan', '1', '张三新建了一个采购计划', '1', '张三');
INSERT INTO `ztsfs`.`zt_msgcontent` (`id`, `backoutDate`, `backoutId`, `backoutName`, `createDate`, `message`, `msgStyle`, `msgStyleId`, `title`, `userId`, `username`) VALUES ('11', NULL, NULL, NULL, '2019-07-05 18:08:11', NULL, 'PurchasePlan', '1', '张三修改了一个采购计划', '1', '张三');
INSERT INTO `ztsfs`.`zt_msgcontent` (`id`, `backoutDate`, `backoutId`, `backoutName`, `createDate`, `message`, `msgStyle`, `msgStyleId`, `title`, `userId`, `username`) VALUES ('12', NULL, NULL, NULL, '2019-07-05 18:08:48', '2019-07-05采购单', 'PurchasePlan', '2', '张三新建了一个采购计划', '1', '张三');
INSERT INTO `ztsfs`.`zt_msgcontent` (`id`, `backoutDate`, `backoutId`, `backoutName`, `createDate`, `message`, `msgStyle`, `msgStyleId`, `title`, `userId`, `username`) VALUES ('13', NULL, NULL, NULL, '2019-07-05 18:10:28', '2019-07-05采购单', 'PurchasePlan', '3', '张三新建了一个采购计划', '1', '张三');
INSERT INTO `ztsfs`.`zt_msgcontent` (`id`, `backoutDate`, `backoutId`, `backoutName`, `createDate`, `message`, `msgStyle`, `msgStyleId`, `title`, `userId`, `username`) VALUES ('14', NULL, NULL, NULL, '2019-07-08 09:28:06', '2019-07-08采购单', 'PurchasePlan', '4', '张三新建了一个采购计划', '1', '张三');
INSERT INTO `ztsfs`.`zt_msgcontent` (`id`, `backoutDate`, `backoutId`, `backoutName`, `createDate`, `message`, `msgStyle`, `msgStyleId`, `title`, `userId`, `username`) VALUES ('15', NULL, NULL, NULL, '2019-07-08 09:28:26', '2019-07-08采购单', 'PurchasePlan', '5', '张三新建了一个采购计划', '1', '张三');



#INSERT INTO `ztsfs`.`zt_middleproduct` (`id`, `buyStatus`, `createDate`, `enabled`, `name`, `note`, `plant`, `plantName`, `productNo`, `productStyle`, `standard`, `unitId`, `unitName`, `unit_id`) VALUES ('1', '1', '2019-07-05 17:24:34', '1', 'FSG-02D', '', '', NULL, '10000.0000', '1', '470mm', '3', '枚', '3');
#INSERT INTO `ztsfs`.`zt_middleproduct` (`id`, `buyStatus`, `createDate`, `enabled`, `name`, `note`, `plant`, `plantName`, `productNo`, `productStyle`, `standard`, `unitId`, `unitName`, `unit_id`) VALUES ('2', '1', '2019-07-05 17:25:03', '1', '双珠锁', '', '', NULL, '1000.0000', '1', '470mm', '3', '枚', '3');
-- INSERT INTO `ztsfs`.`zt_middleproduct` (`id`, `buyStatus`, `createDate`, `enabled`, `name`, `note`, `plant`, `plantName`, `productNo`, `productStyle`, `standard`, `unitId`, `unitName`, `unit_id`) VALUES ('3', '1', '2019-07-05 17:26:40', '1', '防爆铁鞋', '', '', NULL, '0.0000', '2', '5k', '6', '件', '6');
INSERT INTO `ztsfs`.`zt_middleproduct` (`id`, `buyStatus`, `createDate`, `enabled`, `name`, `note`, `plant`, `plantName`, `productNo`, `productStyle`, `standard`, `unitId`, `unitName`, `unit_id`, `storeStatue`) VALUES ('4', '0', '2019-07-05 17:38:15', '1', '99D', '', '', NULL, '0.0000', '1', '350mm', '3', '枚', '3','500.00');
INSERT INTO `ztsfs`.`zt_middleproduct` (`id`, `buyStatus`, `createDate`, `enabled`, `name`, `note`, `plant`, `plantName`, `productNo`, `productStyle`, `standard`, `unitId`, `unitName`, `unit_id`, `storeStatue`) VALUES ('5', '1', '2019-07-05 17:41:00', '1', 'FSJ-01', '', '', NULL, '0.0000', '2', '20T', '3', '枚', '3','500.00');
INSERT INTO `ztsfs`.`zt_middleproduct` (`id`, `buyStatus`, `createDate`, `enabled`, `name`, `note`, `plant`, `plantName`, `productNo`, `productStyle`, `standard`, `unitId`, `unitName`, `unit_id`, `storeStatue`) VALUES ('6', '0', '2019-07-05 17:42:27', '1', 'FSP', '', '', NULL, '500.0000', '1', '22x28x87', '3', '枚', '3','500.00');


INSERT INTO `ztsfs`.`zt_color` (`id`, `code`, `createDate`, `enabled`, `name`) VALUES ('1', '', '2019-07-26 14:07:14', '1', '黄');
INSERT INTO `ztsfs`.`zt_color` (`id`, `code`, `createDate`, `enabled`, `name`) VALUES ('2', '', '2019-07-26 14:07:27', '1', '蓝');
INSERT INTO `ztsfs`.`zt_color` (`id`, `code`, `createDate`, `enabled`, `name`) VALUES ('3', '', '2019-07-26 14:07:33', '1', '绿');

INSERT INTO `ztsfs`.`zt_specification` (`id`, `code`, `createDate`, `enable`, `name`) VALUES ('1', '450MM', '2019-07-26 14:19:16', '1', '450mm');
INSERT INTO `ztsfs`.`zt_specification` (`id`, `code`, `createDate`, `enable`, `name`) VALUES ('2', '650MM', '2019-07-26 14:19:31', '1', '650mm');
INSERT INTO `ztsfs`.`zt_specification` (`id`, `code`, `createDate`, `enable`, `name`) VALUES ('3', '700MM', '2019-07-26 14:20:16', '1', '700mm');


INSERT INTO `ztsfs`.`zt_workstep` (`Id`, `code`, `createDate`, `enabled`, `intro`, `workstepName`) VALUES ('1', NULL, '2019-07-25', '1', '测试', '注塑');
INSERT INTO `ztsfs`.`zt_workstep` (`Id`, `code`, `createDate`, `enabled`, `intro`, `workstepName`) VALUES ('2', NULL, '2019-07-25', '1', '打字', '打字');
INSERT INTO `ztsfs`.`zt_workstep` (`Id`, `code`, `createDate`, `enabled`, `intro`, `workstepName`) VALUES ('3', NULL, '2019-07-25', '1', '检测', '检测');
INSERT INTO `ztsfs`.`zt_workstep` (`Id`, `code`, `createDate`, `enabled`, `intro`, `workstepName`) VALUES ('4', NULL, '2019-07-25', '1', '装箱', '装箱');
INSERT INTO `ztsfs`.`zt_workstep` (`Id`, `code`, `createDate`, `enabled`, `intro`, `workstepName`) VALUES ('5', NULL, '2019-07-25', '1', '刮锁', '刮锁');
INSERT INTO `ztsfs`.`zt_workstep` (`Id`, `code`, `createDate`, `enabled`, `intro`, `workstepName`) VALUES ('6', NULL, '2019-07-26', '1', '熔断', '熔断');

INSERT INTO `ztsfs`.`zt_products` (`id`, `color`, `colorName`, `createDate`, `enabled`, `pictureKey`, `proType`, `producteName`, `serialNumber`, `specName`, `specification`, `sysUnitId`, `sysUnit_id`) VALUES ('1', '1', '黄', '2019-08-20 18:09:42', '1', NULL, 'FSG-99D', 'FSG-99D', '00001', '450mm', '1', '3', '3');
INSERT INTO `ztsfs`.`zt_products` (`id`, `color`, `colorName`, `createDate`, `enabled`, `pictureKey`, `proType`, `producteName`, `serialNumber`, `specName`, `specification`, `sysUnitId`, `sysUnit_id`) VALUES ('2', '1', '黄', '2019-08-20 18:12:11', '1', NULL, 'FSG-10S', 'FSG-10S', '00002', '470MM/800MM', '4,5', '3', '3');
INSERT INTO `ztsfs`.`zt_menu` (`id`, `btnText`, `component`, `enabled`, `iconCls`, `isbtn`, `keepAlive`, `name`, `parentId`, `path`, `requireAuth`, `url`, `pid`) VALUES ('1', NULL, NULL, b'1', NULL, NULL, '0', '所有', NULL, '/', '0', '/‘', NULL);
INSERT INTO `ztsfs`.`zt_menu` (`id`, `btnText`, `component`, `enabled`, `iconCls`, `isbtn`, `keepAlive`, `name`, `parentId`, `path`, `requireAuth`, `url`, `pid`) VALUES ('2', NULL, 'Home', b'1', 'el-icon-menu', '1', '1', '综合管理', '1', '/home', '1', '/home', '1');
INSERT INTO `ztsfs`.`zt_menu` (`id`, `btnText`, `component`, `enabled`, `iconCls`, `isbtn`, `keepAlive`, `name`, `parentId`, `path`, `requireAuth`, `url`, `pid`) VALUES ('3', '人事管理', 'Home', b'1', 'el-icon-menu', '2', '1', '人事管理', '2', '/empbase', '1', '/home', '2');
INSERT INTO `ztsfs`.`zt_menu` (`id`, `btnText`, `component`, `enabled`, `iconCls`, `isbtn`, `keepAlive`, `name`, `parentId`, `path`, `requireAuth`, `url`, `pid`) VALUES ('4', '员工管理', 'Emp', b'1', 'el-icon-menu', '3', '1', '员工管理', '3', '/emp', '1', '/emp/**', '3');
INSERT INTO `ztsfs`.`zt_menu` (`id`, `btnText`, `component`, `enabled`, `iconCls`, `isbtn`, `keepAlive`, `name`, `parentId`, `path`, `requireAuth`, `url`, `pid`) VALUES ('5', NULL, 'Emp', b'1', 'el-icon-menu', '1', '1', '员工查看', '4', 'view', '1', '/emp/**', '4');
INSERT INTO `ztsfs`.`zt_menu` (`id`, `btnText`, `component`, `enabled`, `iconCls`, `isbtn`, `keepAlive`, `name`, `parentId`, `path`, `requireAuth`, `url`, `pid`) VALUES ('6', '', 'btn', b'1', 'el-icon-menu', '1', '1', '员工新增', '4', 'add', '1', 'add', '4');
INSERT INTO `ztsfs`.`zt_menu` (`id`, `btnText`, `component`, `enabled`, `iconCls`, `isbtn`, `keepAlive`, `name`, `parentId`, `path`, `requireAuth`, `url`, `pid`) VALUES ('7', NULL, 'btn', b'1', 'el-icon-menu', '1', '1', '员工修改', '4', 'update', '1', 'update', '4');
INSERT INTO `ztsfs`.`zt_menu` (`id`, `btnText`, `component`, `enabled`, `iconCls`, `isbtn`, `keepAlive`, `name`, `parentId`, `path`, `requireAuth`, `url`, `pid`) VALUES ('8', NULL, 'btn', b'1', 'el-icon-menu', '1', '1', '员工删除', '4', 'del', '1', 'del', '4');
INSERT INTO `ztsfs`.`zt_menu` (`id`, `btnText`, `component`, `enabled`, `iconCls`, `isbtn`, `keepAlive`, `name`, `parentId`, `path`, `requireAuth`, `url`, `pid`) VALUES ('9', '部门', 'Department', b'1', 'el-icon-menu', '3', '1', '部门', '3', '/department', '1', '/department/**', '3');
INSERT INTO `ztsfs`.`zt_menu` (`id`, `btnText`, `component`, `enabled`, `iconCls`, `isbtn`, `keepAlive`, `name`, `parentId`, `path`, `requireAuth`, `url`, `pid`) VALUES ('10', NULL, 'Department', b'1', 'el-icon-menu', '1', '1', '部门查看', '9', '/department', '1', '/department/**', '9');
INSERT INTO `ztsfs`.`zt_menu` (`id`, `btnText`, `component`, `enabled`, `iconCls`, `isbtn`, `keepAlive`, `name`, `parentId`, `path`, `requireAuth`, `url`, `pid`) VALUES ('11', NULL, 'btn', b'1', 'el-icon-menu', '1', '1', '部门新增', '9', 'add', '1', 'view', '9');
INSERT INTO `ztsfs`.`zt_menu` (`id`, `btnText`, `component`, `enabled`, `iconCls`, `isbtn`, `keepAlive`, `name`, `parentId`, `path`, `requireAuth`, `url`, `pid`) VALUES ('12', NULL, 'btn', b'1', 'el-icon-menu', '1', '1', '部门修改', '9', 'update', '1', 'update', '9');
INSERT INTO `ztsfs`.`zt_menu` (`id`, `btnText`, `component`, `enabled`, `iconCls`, `isbtn`, `keepAlive`, `name`, `parentId`, `path`, `requireAuth`, `url`, `pid`) VALUES ('13', NULL, 'btn', b'1', 'el-icon-menu', '1', '1', '部门删除', '9', 'del', '1', 'del', '9');
INSERT INTO `ztsfs`.`zt_menu` (`id`, `btnText`, `component`, `enabled`, `iconCls`, `isbtn`, `keepAlive`, `name`, `parentId`, `path`, `requireAuth`, `url`, `pid`) VALUES ('14', '职位', 'Position', b'1', 'el-icon-menu', '3', '1', '职位', '3', '/position', '1', '/position/**', '3');
INSERT INTO `ztsfs`.`zt_menu` (`id`, `btnText`, `component`, `enabled`, `iconCls`, `isbtn`, `keepAlive`, `name`, `parentId`, `path`, `requireAuth`, `url`, `pid`) VALUES ('15', NULL, 'Position', b'1', NULL, '1', '0', '职位查看', '14', 'view', '1', '/position/**', '14');
INSERT INTO `ztsfs`.`zt_menu` (`id`, `btnText`, `component`, `enabled`, `iconCls`, `isbtn`, `keepAlive`, `name`, `parentId`, `path`, `requireAuth`, `url`, `pid`) VALUES ('16', NULL, 'btn', b'1', NULL, '3', '0', '职位修改', '14', 'update', '1', 'updatepos', '14');
INSERT INTO `ztsfs`.`zt_menu` (`id`, `btnText`, `component`, `enabled`, `iconCls`, `isbtn`, `keepAlive`, `name`, `parentId`, `path`, `requireAuth`, `url`, `pid`) VALUES ('17', NULL, 'btn', b'1', NULL, '3', '0', '职位新增', '14', 'add', '1', 'addpos', '14');
INSERT INTO `ztsfs`.`zt_menu` (`id`, `btnText`, `component`, `enabled`, `iconCls`, `isbtn`, `keepAlive`, `name`, `parentId`, `path`, `requireAuth`, `url`, `pid`) VALUES ('18', NULL, 'btn', b'1', NULL, '3', '0', '职位删除', '14', 'del', '1', 'deletepos', '14');
INSERT INTO `ztsfs`.`zt_menu` (`id`, `btnText`, `component`, `enabled`, `iconCls`, `isbtn`, `keepAlive`, `name`, `parentId`, `path`, `requireAuth`, `url`, `pid`) VALUES ('24', '车辆管理', 'Car', b'1', NULL, '2', '0', '车辆管理', '2', '/carBase', '1', '/', '2');
INSERT INTO `ztsfs`.`zt_menu` (`id`, `btnText`, `component`, `enabled`, `iconCls`, `isbtn`, `keepAlive`, `name`, `parentId`, `path`, `requireAuth`, `url`, `pid`) VALUES ('25', '车辆信息', 'Car', b'1', NULL, '3', '0', '车辆信息', '24', '/car', '1', '/vehicle/**', '24');
INSERT INTO `ztsfs`.`zt_menu` (`id`, `btnText`, `component`, `enabled`, `iconCls`, `isbtn`, `keepAlive`, `name`, `parentId`, `path`, `requireAuth`, `url`, `pid`) VALUES ('26', NULL, 'CarBase', b'1', NULL, '1', '0', '车辆查看', '25', 'view', '1', '/vehicle/**', '25');
INSERT INTO `ztsfs`.`zt_menu` (`id`, `btnText`, `component`, `enabled`, `iconCls`, `isbtn`, `keepAlive`, `name`, `parentId`, `path`, `requireAuth`, `url`, `pid`) VALUES ('27', NULL, 'btn', b'1', NULL, '3', '0', '车辆新增', '25', 'add', '1', 'addcar', '25');
INSERT INTO `ztsfs`.`zt_menu` (`id`, `btnText`, `component`, `enabled`, `iconCls`, `isbtn`, `keepAlive`, `name`, `parentId`, `path`, `requireAuth`, `url`, `pid`) VALUES ('28', NULL, 'btn', b'1', NULL, '3', '0', '车辆修改', '25', 'update', '1', 'updatecar', '25');
INSERT INTO `ztsfs`.`zt_menu` (`id`, `btnText`, `component`, `enabled`, `iconCls`, `isbtn`, `keepAlive`, `name`, `parentId`, `path`, `requireAuth`, `url`, `pid`) VALUES ('29', NULL, 'btn', b'1', NULL, '3', '0', '车辆删除', '25', 'del', '1', 'deletecar', '25');
INSERT INTO `ztsfs`.`zt_menu` (`id`, `btnText`, `component`, `enabled`, `iconCls`, `isbtn`, `keepAlive`, `name`, `parentId`, `path`, `requireAuth`, `url`, `pid`) VALUES ('30', '用车申请', 'CarRequest', b'1', NULL, '3', '0', '用车申请', '24', '/askRequest', '1', '/askedvehicle/**', '24');
INSERT INTO `ztsfs`.`zt_menu` (`id`, `btnText`, `component`, `enabled`, `iconCls`, `isbtn`, `keepAlive`, `name`, `parentId`, `path`, `requireAuth`, `url`, `pid`) VALUES ('31', NULL, 'CarBase', b'1', NULL, '1', '0', '用车申请查看', '30', 'view', '1', '/vehicle/**', '30');
INSERT INTO `ztsfs`.`zt_menu` (`id`, `btnText`, `component`, `enabled`, `iconCls`, `isbtn`, `keepAlive`, `name`, `parentId`, `path`, `requireAuth`, `url`, `pid`) VALUES ('32', NULL, 'btn', b'1', NULL, '3', '0', '用车申请新增', '30', 'add', '1', 'addrecar', '30');
INSERT INTO `ztsfs`.`zt_menu` (`id`, `btnText`, `component`, `enabled`, `iconCls`, `isbtn`, `keepAlive`, `name`, `parentId`, `path`, `requireAuth`, `url`, `pid`) VALUES ('33', NULL, 'btn', b'1', NULL, '3', '0', '用车申请修改', '30', 'update', '1', 'updaterecar', '30');
INSERT INTO `ztsfs`.`zt_menu` (`id`, `btnText`, `component`, `enabled`, `iconCls`, `isbtn`, `keepAlive`, `name`, `parentId`, `path`, `requireAuth`, `url`, `pid`) VALUES ('34', NULL, 'btn', b'1', NULL, '3', '0', '用车申请删除', '30', 'del', '1', 'deleterecar', '30');
INSERT INTO `ztsfs`.`zt_menu` (`id`, `btnText`, `component`, `enabled`, `iconCls`, `isbtn`, `keepAlive`, `name`, `parentId`, `path`, `requireAuth`, `url`, `pid`) VALUES ('35', '行车记录', 'CarRecord', b'1', NULL, '3', '0', '行车记录', '24', '/carRecord', '1', '/vehiclerecord/**', '24');
INSERT INTO `ztsfs`.`zt_menu` (`id`, `btnText`, `component`, `enabled`, `iconCls`, `isbtn`, `keepAlive`, `name`, `parentId`, `path`, `requireAuth`, `url`, `pid`) VALUES ('36', NULL, 'CarBase', b'1', NULL, '1', '0', '行车记录查看', '35', 'view', '1', '/vehicle/**', '35');
INSERT INTO `ztsfs`.`zt_menu` (`id`, `btnText`, `component`, `enabled`, `iconCls`, `isbtn`, `keepAlive`, `name`, `parentId`, `path`, `requireAuth`, `url`, `pid`) VALUES ('37', NULL, 'btn', b'1', NULL, '3', '0', '行车记录新增', '35', 'add', '1', 'addrecordcar', '35');
INSERT INTO `ztsfs`.`zt_menu` (`id`, `btnText`, `component`, `enabled`, `iconCls`, `isbtn`, `keepAlive`, `name`, `parentId`, `path`, `requireAuth`, `url`, `pid`) VALUES ('38', NULL, 'btn', b'1', NULL, '3', '0', '行车记录修改', '35', 'update', '1', 'updaterecordcar', '35');
INSERT INTO `ztsfs`.`zt_menu` (`id`, `btnText`, `component`, `enabled`, `iconCls`, `isbtn`, `keepAlive`, `name`, `parentId`, `path`, `requireAuth`, `url`, `pid`) VALUES ('39', NULL, 'btn', b'1', NULL, '3', '0', '行车记录删除', '35', 'del', '1', 'deleterecordcar', '35');
INSERT INTO `ztsfs`.`zt_menu` (`id`, `btnText`, `component`, `enabled`, `iconCls`, `isbtn`, `keepAlive`, `name`, `parentId`, `path`, `requireAuth`, `url`, `pid`) VALUES ('40', '车辆维护', 'CarRepair', b'1', NULL, '3', '0', '车辆维护', '24', '/carRepair', '1', '/vehicleRepair/**', '24');
INSERT INTO `ztsfs`.`zt_menu` (`id`, `btnText`, `component`, `enabled`, `iconCls`, `isbtn`, `keepAlive`, `name`, `parentId`, `path`, `requireAuth`, `url`, `pid`) VALUES ('41', NULL, 'CarBase', b'1', NULL, '1', '0', '车辆维护查看', '40', 'view', '1', '/vehicle/**', '40');
INSERT INTO `ztsfs`.`zt_menu` (`id`, `btnText`, `component`, `enabled`, `iconCls`, `isbtn`, `keepAlive`, `name`, `parentId`, `path`, `requireAuth`, `url`, `pid`) VALUES ('42', NULL, 'btn', b'1', NULL, '3', '0', '车辆维护新增', '40', 'add', '1', 'addRepaircar', '40');
INSERT INTO `ztsfs`.`zt_menu` (`id`, `btnText`, `component`, `enabled`, `iconCls`, `isbtn`, `keepAlive`, `name`, `parentId`, `path`, `requireAuth`, `url`, `pid`) VALUES ('43', NULL, 'btn', b'1', NULL, '3', '0', '车辆维护修改', '40', 'update', '1', 'updateRepaircar', '40');
INSERT INTO `ztsfs`.`zt_menu` (`id`, `btnText`, `component`, `enabled`, `iconCls`, `isbtn`, `keepAlive`, `name`, `parentId`, `path`, `requireAuth`, `url`, `pid`) VALUES ('44', NULL, 'btn', b'1', NULL, '3', '0', '车辆维护删除', '40', 'del', '1', 'deleteRepaircar', '40');
INSERT INTO `ztsfs`.`zt_menu` (`id`, `btnText`, `component`, `enabled`, `iconCls`, `isbtn`, `keepAlive`, `name`, `parentId`, `path`, `requireAuth`, `url`, `pid`) VALUES ('45', '销售管理', 'Home', b'1', 'el-icon-menu', '2', '0', '销售管理', '2', '/saleBase', '1', '/', '2');
INSERT INTO `ztsfs`.`zt_menu` (`id`, `btnText`, `component`, `enabled`, `iconCls`, `isbtn`, `keepAlive`, `name`, `parentId`, `path`, `requireAuth`, `url`, `pid`) VALUES ('46', '销售计划', 'Product', b'1', NULL, '3', '0', '销售计划', '45', '/sales', '1', '/product/**', '45');
INSERT INTO `ztsfs`.`zt_menu` (`id`, `btnText`, `component`, `enabled`, `iconCls`, `isbtn`, `keepAlive`, `name`, `parentId`, `path`, `requireAuth`, `url`, `pid`) VALUES ('47', NULL, 'btn', b'1', NULL, '1', '0', '计划查看', '47', 'view', '1', '/product/**', '47');
INSERT INTO `ztsfs`.`zt_menu` (`id`, `btnText`, `component`, `enabled`, `iconCls`, `isbtn`, `keepAlive`, `name`, `parentId`, `path`, `requireAuth`, `url`, `pid`) VALUES ('48', NULL, 'btn', b'1', NULL, '1', '0', '计划新增', '47', 'add', '1', 'addproduct', '47');
INSERT INTO `ztsfs`.`zt_menu` (`id`, `btnText`, `component`, `enabled`, `iconCls`, `isbtn`, `keepAlive`, `name`, `parentId`, `path`, `requireAuth`, `url`, `pid`) VALUES ('49', NULL, 'btn', b'1', NULL, '1', '0', '计划修改', '47', 'update', '1', 'updateproduct', '47');
INSERT INTO `ztsfs`.`zt_menu` (`id`, `btnText`, `component`, `enabled`, `iconCls`, `isbtn`, `keepAlive`, `name`, `parentId`, `path`, `requireAuth`, `url`, `pid`) VALUES ('50', NULL, 'btn', b'1', NULL, '1', '0', '计划删除', '47', 'del', '1', 'deleteproduct', '47');
INSERT INTO `ztsfs`.`zt_menu` (`id`, `btnText`, `component`, `enabled`, `iconCls`, `isbtn`, `keepAlive`, `name`, `parentId`, `path`, `requireAuth`, `url`, `pid`) VALUES ('51', '生产计划', 'Product', b'1', NULL, '4', '0', '生产计划', '94', '/productionplan', '1', '/productionplan/**', '94');
INSERT INTO `ztsfs`.`zt_menu` (`id`, `btnText`, `component`, `enabled`, `iconCls`, `isbtn`, `keepAlive`, `name`, `parentId`, `path`, `requireAuth`, `url`, `pid`) VALUES ('52', NULL, 'btn', b'1', NULL, '1', '0', '订单查看', '51', 'view', '1', '/product/**', '51');
INSERT INTO `ztsfs`.`zt_menu` (`id`, `btnText`, `component`, `enabled`, `iconCls`, `isbtn`, `keepAlive`, `name`, `parentId`, `path`, `requireAuth`, `url`, `pid`) VALUES ('53', NULL, 'btn', b'1', NULL, '1', '0', '订单新增', '51', 'add', '1', 'addproduct', '51');
INSERT INTO `ztsfs`.`zt_menu` (`id`, `btnText`, `component`, `enabled`, `iconCls`, `isbtn`, `keepAlive`, `name`, `parentId`, `path`, `requireAuth`, `url`, `pid`) VALUES ('54', NULL, 'btn', b'1', NULL, '1', '0', '订单修改', '51', 'update', '1', 'updateproduct', '51');
INSERT INTO `ztsfs`.`zt_menu` (`id`, `btnText`, `component`, `enabled`, `iconCls`, `isbtn`, `keepAlive`, `name`, `parentId`, `path`, `requireAuth`, `url`, `pid`) VALUES ('55', NULL, 'btn', b'1', NULL, '1', '0', '订单删除', '51', 'del', '1', 'deleteproduct', '51');
INSERT INTO `ztsfs`.`zt_menu` (`id`, `btnText`, `component`, `enabled`, `iconCls`, `isbtn`, `keepAlive`, `name`, `parentId`, `path`, `requireAuth`, `url`, `pid`) VALUES ('56', '产品管理', 'ProductBase', b'1', 'el-icon-menu', '2', '0', '产品管理', '2', '/product', '1', '/', '2');
INSERT INTO `ztsfs`.`zt_menu` (`id`, `btnText`, `component`, `enabled`, `iconCls`, `isbtn`, `keepAlive`, `name`, `parentId`, `path`, `requireAuth`, `url`, `pid`) VALUES ('57', '产品详情', 'Product', b'1', NULL, '3', '0', '产品详情', '56', '/product', '1', '/product/**', '56');
INSERT INTO `ztsfs`.`zt_menu` (`id`, `btnText`, `component`, `enabled`, `iconCls`, `isbtn`, `keepAlive`, `name`, `parentId`, `path`, `requireAuth`, `url`, `pid`) VALUES ('58', NULL, 'btn', b'1', NULL, '1', '0', '产品查看', '57', 'view', '1', '/product', '57');
INSERT INTO `ztsfs`.`zt_menu` (`id`, `btnText`, `component`, `enabled`, `iconCls`, `isbtn`, `keepAlive`, `name`, `parentId`, `path`, `requireAuth`, `url`, `pid`) VALUES ('59', NULL, 'btn', b'1', NULL, '1', '0', '产品新增', '57', 'add', '1', 'addproduct', '57');
INSERT INTO `ztsfs`.`zt_menu` (`id`, `btnText`, `component`, `enabled`, `iconCls`, `isbtn`, `keepAlive`, `name`, `parentId`, `path`, `requireAuth`, `url`, `pid`) VALUES ('60', NULL, 'btn', b'1', NULL, '1', '0', '产品修改', '57', 'update', '1', 'updateproduct', '57');
INSERT INTO `ztsfs`.`zt_menu` (`id`, `btnText`, `component`, `enabled`, `iconCls`, `isbtn`, `keepAlive`, `name`, `parentId`, `path`, `requireAuth`, `url`, `pid`) VALUES ('61', NULL, 'btn', b'1', NULL, '1', '0', '产品删除', '57', 'del', '1', 'deleteproduct', '57');
INSERT INTO `ztsfs`.`zt_menu` (`id`, `btnText`, `component`, `enabled`, `iconCls`, `isbtn`, `keepAlive`, `name`, `parentId`, `path`, `requireAuth`, `url`, `pid`) VALUES ('62', NULL, 'btn', b'1', NULL, '1', '0', '添加工序', '57', 'addsteps', '1', '/product', '57');
INSERT INTO `ztsfs`.`zt_menu` (`id`, `btnText`, `component`, `enabled`, `iconCls`, `isbtn`, `keepAlive`, `name`, `parentId`, `path`, `requireAuth`, `url`, `pid`) VALUES ('63', '工序步骤', 'ProductStep', b'1', NULL, '1', '0', '工序步骤', '56', '/workStep', '1', '/workStep/**', '56');
INSERT INTO `ztsfs`.`zt_menu` (`id`, `btnText`, `component`, `enabled`, `iconCls`, `isbtn`, `keepAlive`, `name`, `parentId`, `path`, `requireAuth`, `url`, `pid`) VALUES ('64', NULL, 'btn', b'1', NULL, '1', '0', '工序步骤查看', '63', 'view', '1', '/workStep/', '63');
INSERT INTO `ztsfs`.`zt_menu` (`id`, `btnText`, `component`, `enabled`, `iconCls`, `isbtn`, `keepAlive`, `name`, `parentId`, `path`, `requireAuth`, `url`, `pid`) VALUES ('65', NULL, 'btn', b'1', NULL, '1', '0', '工序步骤新增', '63', 'add', '1', 'addstep', '63');
INSERT INTO `ztsfs`.`zt_menu` (`id`, `btnText`, `component`, `enabled`, `iconCls`, `isbtn`, `keepAlive`, `name`, `parentId`, `path`, `requireAuth`, `url`, `pid`) VALUES ('66', NULL, 'btn', b'1', NULL, '1', '0', '工序步骤修改', '63', 'update', '1', 'updatestep', '63');
INSERT INTO `ztsfs`.`zt_menu` (`id`, `btnText`, `component`, `enabled`, `iconCls`, `isbtn`, `keepAlive`, `name`, `parentId`, `path`, `requireAuth`, `url`, `pid`) VALUES ('67', NULL, 'btn', b'1', NULL, '1', '0', '工序步骤删除', '63', 'del', '1', 'deletestep', '63');
INSERT INTO `ztsfs`.`zt_menu` (`id`, `btnText`, `component`, `enabled`, `iconCls`, `isbtn`, `keepAlive`, `name`, `parentId`, `path`, `requireAuth`, `url`, `pid`) VALUES ('68', '产品颜色', 'ProductColor', b'1', NULL, '1', '0', '产品颜色', '56', '/productcolor', '1', '/product/**', '56');
INSERT INTO `ztsfs`.`zt_menu` (`id`, `btnText`, `component`, `enabled`, `iconCls`, `isbtn`, `keepAlive`, `name`, `parentId`, `path`, `requireAuth`, `url`, `pid`) VALUES ('69', NULL, 'btn', b'1', NULL, '1', '0', '颜色查看', '68', 'view', '1', '/product', '68');
INSERT INTO `ztsfs`.`zt_menu` (`id`, `btnText`, `component`, `enabled`, `iconCls`, `isbtn`, `keepAlive`, `name`, `parentId`, `path`, `requireAuth`, `url`, `pid`) VALUES ('70', NULL, 'btn', b'1', NULL, '1', '0', '颜色新增', '68', 'add', '1', 'addproduct', '68');
INSERT INTO `ztsfs`.`zt_menu` (`id`, `btnText`, `component`, `enabled`, `iconCls`, `isbtn`, `keepAlive`, `name`, `parentId`, `path`, `requireAuth`, `url`, `pid`) VALUES ('71', NULL, 'btn', b'1', NULL, '1', '0', '颜色修改', '68', 'update', '1', 'updateproduct', '68');
INSERT INTO `ztsfs`.`zt_menu` (`id`, `btnText`, `component`, `enabled`, `iconCls`, `isbtn`, `keepAlive`, `name`, `parentId`, `path`, `requireAuth`, `url`, `pid`) VALUES ('72', NULL, 'btn', b'1', NULL, '1', '0', '颜色删除', '68', 'del', '1', 'deleteproduct', '68');
INSERT INTO `ztsfs`.`zt_menu` (`id`, `btnText`, `component`, `enabled`, `iconCls`, `isbtn`, `keepAlive`, `name`, `parentId`, `path`, `requireAuth`, `url`, `pid`) VALUES ('73', '产品规格', 'Product', b'1', NULL, '1', '0', '产品规格', '56', '/productspec', '1', '/product/**', '56');
INSERT INTO `ztsfs`.`zt_menu` (`id`, `btnText`, `component`, `enabled`, `iconCls`, `isbtn`, `keepAlive`, `name`, `parentId`, `path`, `requireAuth`, `url`, `pid`) VALUES ('74', NULL, 'btn', b'1', NULL, '1', '0', '规格查看', '73', 'view', '1', '/product/**', '73');
INSERT INTO `ztsfs`.`zt_menu` (`id`, `btnText`, `component`, `enabled`, `iconCls`, `isbtn`, `keepAlive`, `name`, `parentId`, `path`, `requireAuth`, `url`, `pid`) VALUES ('75', NULL, 'btn', b'1', NULL, '1', '0', '规格新增', '73', 'add', '1', 'addproduct', '73');
INSERT INTO `ztsfs`.`zt_menu` (`id`, `btnText`, `component`, `enabled`, `iconCls`, `isbtn`, `keepAlive`, `name`, `parentId`, `path`, `requireAuth`, `url`, `pid`) VALUES ('76', NULL, 'btn', b'1', NULL, '1', '0', '规格修改', '73', 'update', '1', 'updateproduct', '73');
INSERT INTO `ztsfs`.`zt_menu` (`id`, `btnText`, `component`, `enabled`, `iconCls`, `isbtn`, `keepAlive`, `name`, `parentId`, `path`, `requireAuth`, `url`, `pid`) VALUES ('77', NULL, 'btn', b'1', NULL, '1', '0', '规格删除', '73', 'del', '1', 'deleteproduct', '73');
INSERT INTO `ztsfs`.`zt_menu` (`id`, `btnText`, `component`, `enabled`, `iconCls`, `isbtn`, `keepAlive`, `name`, `parentId`, `path`, `requireAuth`, `url`, `pid`) VALUES ('78', '单位管理', 'Product', b'1', NULL, '1', '0', '单位管理', '56', '/sysUnit', '1', '/product/**', '56');
INSERT INTO `ztsfs`.`zt_menu` (`id`, `btnText`, `component`, `enabled`, `iconCls`, `isbtn`, `keepAlive`, `name`, `parentId`, `path`, `requireAuth`, `url`, `pid`) VALUES ('79', NULL, 'btn', b'1', NULL, '1', '0', '单位查看', '78', 'view', '1', '/product', '78');
INSERT INTO `ztsfs`.`zt_menu` (`id`, `btnText`, `component`, `enabled`, `iconCls`, `isbtn`, `keepAlive`, `name`, `parentId`, `path`, `requireAuth`, `url`, `pid`) VALUES ('80', NULL, 'btn', b'1', NULL, '1', '0', '单位新增', '78', 'add', '1', 'addproduct', '78');
INSERT INTO `ztsfs`.`zt_menu` (`id`, `btnText`, `component`, `enabled`, `iconCls`, `isbtn`, `keepAlive`, `name`, `parentId`, `path`, `requireAuth`, `url`, `pid`) VALUES ('81', NULL, 'btn', b'1', NULL, '1', '0', '单位修改', '78', 'update', '1', 'updateproduct', '78');
INSERT INTO `ztsfs`.`zt_menu` (`id`, `btnText`, `component`, `enabled`, `iconCls`, `isbtn`, `keepAlive`, `name`, `parentId`, `path`, `requireAuth`, `url`, `pid`) VALUES ('82', NULL, 'btn', b'1', NULL, '1', '0', '单位删除', '78', 'del', '1', 'deleteproduct', '78');
INSERT INTO `ztsfs`.`zt_menu` (`id`, `btnText`, `component`, `enabled`, `iconCls`, `isbtn`, `keepAlive`, `name`, `parentId`, `path`, `requireAuth`, `url`, `pid`) VALUES ('83', '计划管理', 'Home', b'1', 'el-icon-menu', '2', '0', '计划管理', '2', '/planBase', '1', '/', '2');
INSERT INTO `ztsfs`.`zt_menu` (`id`, `btnText`, `component`, `enabled`, `iconCls`, `isbtn`, `keepAlive`, `name`, `parentId`, `path`, `requireAuth`, `url`, `pid`) VALUES ('84', '原材料采购', 'Product', b'1', NULL, '4', '0', '原材料采购计划', '152', '/buyPlan', '1', '/rowBuyPlan/**', '152');
INSERT INTO `ztsfs`.`zt_menu` (`id`, `btnText`, `component`, `enabled`, `iconCls`, `isbtn`, `keepAlive`, `name`, `parentId`, `path`, `requireAuth`, `url`, `pid`) VALUES ('85', NULL, 'btn', b'1', NULL, '1', '0', '采购查看', '84', 'view', '1', '/product/**', '84');
INSERT INTO `ztsfs`.`zt_menu` (`id`, `btnText`, `component`, `enabled`, `iconCls`, `isbtn`, `keepAlive`, `name`, `parentId`, `path`, `requireAuth`, `url`, `pid`) VALUES ('86', NULL, 'btn', b'1', NULL, '1', '0', '采购新增', '84', 'add', '1', 'addproduct', '84');
INSERT INTO `ztsfs`.`zt_menu` (`id`, `btnText`, `component`, `enabled`, `iconCls`, `isbtn`, `keepAlive`, `name`, `parentId`, `path`, `requireAuth`, `url`, `pid`) VALUES ('87', NULL, 'btn', b'1', NULL, '1', '0', '采购修改', '84', 'update', '1', 'updateproduct', '84');
INSERT INTO `ztsfs`.`zt_menu` (`id`, `btnText`, `component`, `enabled`, `iconCls`, `isbtn`, `keepAlive`, `name`, `parentId`, `path`, `requireAuth`, `url`, `pid`) VALUES ('88', NULL, 'btn', b'1', NULL, '1', '0', '采购删除', '84', 'del', '1', 'deleteproduct', '84');
INSERT INTO `ztsfs`.`zt_menu` (`id`, `btnText`, `component`, `enabled`, `iconCls`, `isbtn`, `keepAlive`, `name`, `parentId`, `path`, `requireAuth`, `url`, `pid`) VALUES ('89', '半成品采购', 'Product', b'1', NULL, '4', '0', '半成品采购计划', '152', '/buymidPlan', '1', '/midBuyPlan/**', '152');
INSERT INTO `ztsfs`.`zt_menu` (`id`, `btnText`, `component`, `enabled`, `iconCls`, `isbtn`, `keepAlive`, `name`, `parentId`, `path`, `requireAuth`, `url`, `pid`) VALUES ('90', NULL, 'btn', b'1', NULL, '1', '0', '计划查看', '89', 'view', '1', '/product/**', '89');
INSERT INTO `ztsfs`.`zt_menu` (`id`, `btnText`, `component`, `enabled`, `iconCls`, `isbtn`, `keepAlive`, `name`, `parentId`, `path`, `requireAuth`, `url`, `pid`) VALUES ('91', NULL, 'btn', b'1', NULL, '1', '0', '计划新增', '89', 'add', '1', 'addproduct/**', '89');
INSERT INTO `ztsfs`.`zt_menu` (`id`, `btnText`, `component`, `enabled`, `iconCls`, `isbtn`, `keepAlive`, `name`, `parentId`, `path`, `requireAuth`, `url`, `pid`) VALUES ('92', NULL, 'btn', b'1', NULL, '1', '0', '计划修改', '89', 'update', '1', 'updateproduct', '89');
INSERT INTO `ztsfs`.`zt_menu` (`id`, `btnText`, `component`, `enabled`, `iconCls`, `isbtn`, `keepAlive`, `name`, `parentId`, `path`, `requireAuth`, `url`, `pid`) VALUES ('93', NULL, 'btn', b'1', NULL, '1', '0', '计划删除', '89', 'del', '1', 'deleteproduct', '89');
INSERT INTO `ztsfs`.`zt_menu` (`id`, `btnText`, `component`, `enabled`, `iconCls`, `isbtn`, `keepAlive`, `name`, `parentId`, `path`, `requireAuth`, `url`, `pid`) VALUES ('94', '生产计划', 'buyallplanBase', b'1', NULL, '3', '0', '生产计划', '83', '/buyallproduct', '1', '/rowBuyPlan/**', '83');

INSERT INTO `ztsfs`.`zt_menu` (`id`, `btnText`, `component`, `enabled`, `iconCls`, `isbtn`, `keepAlive`, `name`, `parentId`, `path`, `requireAuth`, `url`, `pid`) VALUES ('99', '物料周转', 'Product', b'1', NULL, '4', '0', '物料周转', '94', '/planmidreceive', '1', '/send/**', '94');
INSERT INTO `ztsfs`.`zt_menu` (`id`, `btnText`, `component`, `enabled`, `iconCls`, `isbtn`, `keepAlive`, `name`, `parentId`, `path`, `requireAuth`, `url`, `pid`) VALUES ('100', NULL, 'btn', b'1', NULL, '1', '0', '物料周转查看', '99', 'view', '1', '/send/**', '99');
INSERT INTO `ztsfs`.`zt_menu` (`id`, `btnText`, `component`, `enabled`, `iconCls`, `isbtn`, `keepAlive`, `name`, `parentId`, `path`, `requireAuth`, `url`, `pid`) VALUES ('101', '仓库管理', 'Home', b'1', 'el-icon-menu', '2', '0', '仓库管理', '2', '/storebase', '1', '/', '2');
INSERT INTO `ztsfs`.`zt_menu` (`id`, `btnText`, `component`, `enabled`, `iconCls`, `isbtn`, `keepAlive`, `name`, `parentId`, `path`, `requireAuth`, `url`, `pid`) VALUES ('102', '成品管理', 'Product', b'1', NULL, '3', '0', '成品管理', '101', '/productsFinished', '1', '/product/**', '101');
INSERT INTO `ztsfs`.`zt_menu` (`id`, `btnText`, `component`, `enabled`, `iconCls`, `isbtn`, `keepAlive`, `name`, `parentId`, `path`, `requireAuth`, `url`, `pid`) VALUES ('103', NULL, 'btn', b'1', NULL, '1', '0', '成品查看', '102', 'view', '1', '/product/**', '102');
INSERT INTO `ztsfs`.`zt_menu` (`id`, `btnText`, `component`, `enabled`, `iconCls`, `isbtn`, `keepAlive`, `name`, `parentId`, `path`, `requireAuth`, `url`, `pid`) VALUES ('104', NULL, 'btn', b'1', NULL, '1', '0', '成品新增', '102', 'add', '1', 'addproduct', '102');
INSERT INTO `ztsfs`.`zt_menu` (`id`, `btnText`, `component`, `enabled`, `iconCls`, `isbtn`, `keepAlive`, `name`, `parentId`, `path`, `requireAuth`, `url`, `pid`) VALUES ('105', NULL, 'btn', b'1', NULL, '1', '0', '成品修改', '102', 'update', '1', 'updateproduct', '102');
INSERT INTO `ztsfs`.`zt_menu` (`id`, `btnText`, `component`, `enabled`, `iconCls`, `isbtn`, `keepAlive`, `name`, `parentId`, `path`, `requireAuth`, `url`, `pid`) VALUES ('106', NULL, 'btn', b'1', NULL, '1', '0', '成品删除', '102', 'del', '1', 'deleteproduct', '102');
INSERT INTO `ztsfs`.`zt_menu` (`id`, `btnText`, `component`, `enabled`, `iconCls`, `isbtn`, `keepAlive`, `name`, `parentId`, `path`, `requireAuth`, `url`, `pid`) VALUES ('107', '半成品管理', 'Product', b'1', NULL, '3', '0', '半成品管理', '101', '/productmidBase', '1', '/product', '101');
INSERT INTO `ztsfs`.`zt_menu` (`id`, `btnText`, `component`, `enabled`, `iconCls`, `isbtn`, `keepAlive`, `name`, `parentId`, `path`, `requireAuth`, `url`, `pid`) VALUES ('108', '半成品库', 'btn', b'1', NULL, '4', '0', '半成品库', '107', '/productmid', '1', '/product', '107');
INSERT INTO `ztsfs`.`zt_menu` (`id`, `btnText`, `component`, `enabled`, `iconCls`, `isbtn`, `keepAlive`, `name`, `parentId`, `path`, `requireAuth`, `url`, `pid`) VALUES ('109', '入库记录', 'btn', b'1', NULL, '4', '0', '入库记录', '107', '/productmidinrecord', '1', 'addproduct', '107');
INSERT INTO `ztsfs`.`zt_menu` (`id`, `btnText`, `component`, `enabled`, `iconCls`, `isbtn`, `keepAlive`, `name`, `parentId`, `path`, `requireAuth`, `url`, `pid`) VALUES ('110', '出库记录', 'btn', b'1', NULL, '4', '0', '出库记录', '107', '/productmidoutrecod', '1', 'updateproduct', '107');
INSERT INTO `ztsfs`.`zt_menu` (`id`, `btnText`, `component`, `enabled`, `iconCls`, `isbtn`, `keepAlive`, `name`, `parentId`, `path`, `requireAuth`, `url`, `pid`) VALUES ('111', '采购确认', 'btn', b'1', NULL, '4', '0', '采购确认', '107', '/productconfir', '1', 'deleteproduct', '107');
INSERT INTO `ztsfs`.`zt_menu` (`id`, `btnText`, `component`, `enabled`, `iconCls`, `isbtn`, `keepAlive`, `name`, `parentId`, `path`, `requireAuth`, `url`, `pid`) VALUES ('112', '原料管理', 'Product', b'1', NULL, '3', '0', '原料管理', '101', '/materialbase', '1', '/material/**', '101');
INSERT INTO `ztsfs`.`zt_menu` (`id`, `btnText`, `component`, `enabled`, `iconCls`, `isbtn`, `keepAlive`, `name`, `parentId`, `path`, `requireAuth`, `url`, `pid`) VALUES ('113', '原料库', 'btn', b'1', NULL, '4', '0', '原料库', '112', '/rowmaterial', '1', '/material/**', '112');
INSERT INTO `ztsfs`.`zt_menu` (`id`, `btnText`, `component`, `enabled`, `iconCls`, `isbtn`, `keepAlive`, `name`, `parentId`, `path`, `requireAuth`, `url`, `pid`) VALUES ('114', '入库记录', 'btn', b'1', NULL, '4', '0', '入库记录', '112', '/rowmaterialin', '1', 'add', '112');
INSERT INTO `ztsfs`.`zt_menu` (`id`, `btnText`, `component`, `enabled`, `iconCls`, `isbtn`, `keepAlive`, `name`, `parentId`, `path`, `requireAuth`, `url`, `pid`) VALUES ('115', '出库记录', 'btn', b'1', NULL, '4', '0', '出库记录', '112', '/materialout', '1', 'update', '112');
INSERT INTO `ztsfs`.`zt_menu` (`id`, `btnText`, `component`, `enabled`, `iconCls`, `isbtn`, `keepAlive`, `name`, `parentId`, `path`, `requireAuth`, `url`, `pid`) VALUES ('116', '原料采购确认', 'btn', b'1', NULL, '4', '0', '原料采购确认', '112', '/materialoutconfirm', '1', 'del', '112');
INSERT INTO `ztsfs`.`zt_menu` (`id`, `btnText`, `component`, `enabled`, `iconCls`, `isbtn`, `keepAlive`, `name`, `parentId`, `path`, `requireAuth`, `url`, `pid`) VALUES ('117', '文档管理', 'Home', b'1', 'el-icon-menu', '2', '0', '文档管理', '2', '/home', '1', '/', '2');
INSERT INTO `ztsfs`.`zt_menu` (`id`, `btnText`, `component`, `enabled`, `iconCls`, `isbtn`, `keepAlive`, `name`, `parentId`, `path`, `requireAuth`, `url`, `pid`) VALUES ('118', '系统管理', 'Home', b'1', 'el-icon-menu', '1', '0', '系统管理', '2', '/home', '1', '/', '2');
INSERT INTO `ztsfs`.`zt_menu` (`id`, `btnText`, `component`, `enabled`, `iconCls`, `isbtn`, `keepAlive`, `name`, `parentId`, `path`, `requireAuth`, `url`, `pid`) VALUES ('119', '角色', 'Sysrole', b'1', NULL, '0', '0', '角色', '118', '/sysrole', '1', '/sysrole/**', '118');
INSERT INTO `ztsfs`.`zt_menu` (`id`, `btnText`, `component`, `enabled`, `iconCls`, `isbtn`, `keepAlive`, `name`, `parentId`, `path`, `requireAuth`, `url`, `pid`) VALUES ('120', '角色管理', 'Sysrole', b'1', NULL, '1', '0', '查看角色', '119', 'view', '1', '/sysrole/**', '119');
INSERT INTO `ztsfs`.`zt_menu` (`id`, `btnText`, `component`, `enabled`, `iconCls`, `isbtn`, `keepAlive`, `name`, `parentId`, `path`, `requireAuth`, `url`, `pid`) VALUES ('121', NULL, 'btn', b'1', NULL, '1', '0', '新增角色', '119', 'add', '1', 'addrole', '119');
INSERT INTO `ztsfs`.`zt_menu` (`id`, `btnText`, `component`, `enabled`, `iconCls`, `isbtn`, `keepAlive`, `name`, `parentId`, `path`, `requireAuth`, `url`, `pid`) VALUES ('122', NULL, 'btn', b'1', NULL, '1', '0', '修改角色', '119', 'update', '1', 'updaterole', '119');
INSERT INTO `ztsfs`.`zt_menu` (`id`, `btnText`, `component`, `enabled`, `iconCls`, `isbtn`, `keepAlive`, `name`, `parentId`, `path`, `requireAuth`, `url`, `pid`) VALUES ('123', NULL, 'btn', b'1', NULL, '1', '0', '删除角色', '119', 'del', '1', 'deleterole', '119');
INSERT INTO `ztsfs`.`zt_menu` (`id`, `btnText`, `component`, `enabled`, `iconCls`, `isbtn`, `keepAlive`, `name`, `parentId`, `path`, `requireAuth`, `url`, `pid`) VALUES ('124', '用户管理', 'User', b'1', NULL, '0', '0', '用户管理', '118', '/users', '1', '/users/**', '118');
INSERT INTO `ztsfs`.`zt_menu` (`id`, `btnText`, `component`, `enabled`, `iconCls`, `isbtn`, `keepAlive`, `name`, `parentId`, `path`, `requireAuth`, `url`, `pid`) VALUES ('125', NULL, 'User', b'1', NULL, '1', '0', '查看用户', '124', '/user', '1', '/users', '124');
INSERT INTO `ztsfs`.`zt_menu` (`id`, `btnText`, `component`, `enabled`, `iconCls`, `isbtn`, `keepAlive`, `name`, `parentId`, `path`, `requireAuth`, `url`, `pid`) VALUES ('126', NULL, 'btn', b'1', NULL, '1', '0', '新增用户', '124', 'add', '1', 'adduser', '124');
INSERT INTO `ztsfs`.`zt_menu` (`id`, `btnText`, `component`, `enabled`, `iconCls`, `isbtn`, `keepAlive`, `name`, `parentId`, `path`, `requireAuth`, `url`, `pid`) VALUES ('127', NULL, 'btn', b'1', NULL, '1', '0', '修改用户', '124', 'update', '1', 'updateuser', '124');
INSERT INTO `ztsfs`.`zt_menu` (`id`, `btnText`, `component`, `enabled`, `iconCls`, `isbtn`, `keepAlive`, `name`, `parentId`, `path`, `requireAuth`, `url`, `pid`) VALUES ('128', NULL, 'btn', b'1', NULL, '1', '0', '删除用户', '124', 'del', '1', 'deleteuser', '124');
INSERT INTO `ztsfs`.`zt_menu` (`id`, `btnText`, `component`, `enabled`, `iconCls`, `isbtn`, `keepAlive`, `name`, `parentId`, `path`, `requireAuth`, `url`, `pid`) VALUES ('129', '产品用途', 'ProductColor', b'1', NULL, '1', '0', '产品用途', '56', '/productuse', '1', '/productuse/**', '56');
INSERT INTO `ztsfs`.`zt_menu` (`id`, `btnText`, `component`, `enabled`, `iconCls`, `isbtn`, `keepAlive`, `name`, `parentId`, `path`, `requireAuth`, `url`, `pid`) VALUES ('130', NULL, 'btn', b'1', NULL, '1', '0', '产品用途查看', '129', 'view', '1', '/product', '129');
INSERT INTO `ztsfs`.`zt_menu` (`id`, `btnText`, `component`, `enabled`, `iconCls`, `isbtn`, `keepAlive`, `name`, `parentId`, `path`, `requireAuth`, `url`, `pid`) VALUES ('131', NULL, 'btn', b'1', NULL, '1', '0', '产品用途新增', '129', 'add', '1', 'addproduct', '129');
INSERT INTO `ztsfs`.`zt_menu` (`id`, `btnText`, `component`, `enabled`, `iconCls`, `isbtn`, `keepAlive`, `name`, `parentId`, `path`, `requireAuth`, `url`, `pid`) VALUES ('132', NULL, 'btn', b'1', NULL, '1', '0', '产品用途修改', '129', 'update', '1', 'updateproduct', '129');
INSERT INTO `ztsfs`.`zt_menu` (`id`, `btnText`, `component`, `enabled`, `iconCls`, `isbtn`, `keepAlive`, `name`, `parentId`, `path`, `requireAuth`, `url`, `pid`) VALUES ('133', NULL, 'btn', b'1', NULL, '1', '0', '产品用途删除', '129', 'del', '1', 'deleteproduct', '129');
INSERT INTO `ztsfs`.`zt_menu` (`id`, `btnText`, `component`, `enabled`, `iconCls`, `isbtn`, `keepAlive`, `name`, `parentId`, `path`, `requireAuth`, `url`, `pid`) VALUES ('134', '客户管理', 'CompanyBase', b'1', 'el-icon-menu', '2', '0', '客户管理', '2', '/company', '1', '/', '2');
INSERT INTO `ztsfs`.`zt_menu` (`id`, `btnText`, `component`, `enabled`, `iconCls`, `isbtn`, `keepAlive`, `name`, `parentId`, `path`, `requireAuth`, `url`, `pid`) VALUES ('135', '客户详情', 'Company', b'1', NULL, '3', '0', '客户详情', '134', '/company', '1', '/client/**', '134');
INSERT INTO `ztsfs`.`zt_menu` (`id`, `btnText`, `component`, `enabled`, `iconCls`, `isbtn`, `keepAlive`, `name`, `parentId`, `path`, `requireAuth`, `url`, `pid`) VALUES ('136', NULL, 'btn', b'1', NULL, '1', '0', '客户查看', '135', 'view', '1', '/files/**', '135');
INSERT INTO `ztsfs`.`zt_menu` (`id`, `btnText`, `component`, `enabled`, `iconCls`, `isbtn`, `keepAlive`, `name`, `parentId`, `path`, `requireAuth`, `url`, `pid`) VALUES ('137', NULL, 'btn', b'1', NULL, '1', '0', '客户新增', '135', 'add', '1', 'add', '135');
INSERT INTO `ztsfs`.`zt_menu` (`id`, `btnText`, `component`, `enabled`, `iconCls`, `isbtn`, `keepAlive`, `name`, `parentId`, `path`, `requireAuth`, `url`, `pid`) VALUES ('138', NULL, 'btn', b'1', NULL, '1', '0', '客户修改', '135', 'update', '1', 'update', '135');
INSERT INTO `ztsfs`.`zt_menu` (`id`, `btnText`, `component`, `enabled`, `iconCls`, `isbtn`, `keepAlive`, `name`, `parentId`, `path`, `requireAuth`, `url`, `pid`) VALUES ('139', NULL, 'btn', b'1', NULL, '1', '0', '客户删除', '135', 'del', '1', 'del', '135');
INSERT INTO `ztsfs`.`zt_menu` (`id`, `btnText`, `component`, `enabled`, `iconCls`, `isbtn`, `keepAlive`, `name`, `parentId`, `path`, `requireAuth`, `url`, `pid`) VALUES ('140', '生产进度', 'Product', b'1', NULL, '3', '0', '生产进度', '45', '/productionManager', '1', '/productmanage/**', '45');
INSERT INTO `ztsfs`.`zt_menu` (`id`, `btnText`, `component`, `enabled`, `iconCls`, `isbtn`, `keepAlive`, `name`, `parentId`, `path`, `requireAuth`, `url`, `pid`) VALUES ('141', NULL, 'btn', b'1', NULL, '1', '0', '生产进度查看', '140', 'view', '1', '/productmanage/**', '140');
INSERT INTO `ztsfs`.`zt_menu` (`id`, `btnText`, `component`, `enabled`, `iconCls`, `isbtn`, `keepAlive`, `name`, `parentId`, `path`, `requireAuth`, `url`, `pid`) VALUES ('142', NULL, 'btn', b'1', NULL, '1', '0', '生产进度新增', '140', 'add', '1', 'addproduct', '140');
INSERT INTO `ztsfs`.`zt_menu` (`id`, `btnText`, `component`, `enabled`, `iconCls`, `isbtn`, `keepAlive`, `name`, `parentId`, `path`, `requireAuth`, `url`, `pid`) VALUES ('143', NULL, 'btn', b'1', NULL, '1', '0', '生产进度修改', '140', 'update', '1', 'updateproduct', '140');
INSERT INTO `ztsfs`.`zt_menu` (`id`, `btnText`, `component`, `enabled`, `iconCls`, `isbtn`, `keepAlive`, `name`, `parentId`, `path`, `requireAuth`, `url`, `pid`) VALUES ('144', '发货管理', 'Product', b'1', NULL, '3', '0', '发货管理', '45', '/productionsend', '1', '/returnvisit/**', '45');
INSERT INTO `ztsfs`.`zt_menu` (`id`, `btnText`, `component`, `enabled`, `iconCls`, `isbtn`, `keepAlive`, `name`, `parentId`, `path`, `requireAuth`, `url`, `pid`) VALUES ('145', NULL, 'btn', b'1', NULL, '1', '0', '发货查看', '144', 'view', '1', '/returnvisit/**', '144');
INSERT INTO `ztsfs`.`zt_menu` (`id`, `btnText`, `component`, `enabled`, `iconCls`, `isbtn`, `keepAlive`, `name`, `parentId`, `path`, `requireAuth`, `url`, `pid`) VALUES ('146', NULL, 'btn', b'1', NULL, '1', '0', '发货新增', '144', 'add', '1', 'addproduct', '144');
INSERT INTO `ztsfs`.`zt_menu` (`id`, `btnText`, `component`, `enabled`, `iconCls`, `isbtn`, `keepAlive`, `name`, `parentId`, `path`, `requireAuth`, `url`, `pid`) VALUES ('147', NULL, 'btn', b'1', NULL, '1', '0', '发货修改', '144', 'update', '1', 'updateproduct', '144');
INSERT INTO `ztsfs`.`zt_menu` (`id`, `btnText`, `component`, `enabled`, `iconCls`, `isbtn`, `keepAlive`, `name`, `parentId`, `path`, `requireAuth`, `url`, `pid`) VALUES ('148', '订单管理', 'Product', b'1', NULL, '3', '0', '订单管理', '45', '/orders', '1', '/orders/**', '45');
INSERT INTO `ztsfs`.`zt_menu` (`id`, `btnText`, `component`, `enabled`, `iconCls`, `isbtn`, `keepAlive`, `name`, `parentId`, `path`, `requireAuth`, `url`, `pid`) VALUES ('149', NULL, 'btn', b'1', NULL, '1', '0', '订单查看', '148', 'view', '1', '/orders/**', '148');
INSERT INTO `ztsfs`.`zt_menu` (`id`, `btnText`, `component`, `enabled`, `iconCls`, `isbtn`, `keepAlive`, `name`, `parentId`, `path`, `requireAuth`, `url`, `pid`) VALUES ('150', NULL, 'btn', b'1', NULL, '1', '0', '订单新增', '148', 'add', '1', 'addproduct', '148');
INSERT INTO `ztsfs`.`zt_menu` (`id`, `btnText`, `component`, `enabled`, `iconCls`, `isbtn`, `keepAlive`, `name`, `parentId`, `path`, `requireAuth`, `url`, `pid`) VALUES ('151', NULL, 'btn', b'1', NULL, '1', '0', '订单修改', '148', 'update', '1', 'updateproduct', '148');
INSERT INTO `ztsfs`.`zt_menu` (`id`, `btnText`, `component`, `enabled`, `iconCls`, `isbtn`, `keepAlive`, `name`, `parentId`, `path`, `requireAuth`, `url`, `pid`) VALUES ('152', '采购计划', 'buyallplanBase', b'1', NULL, '3', '0', '采购计划', '83', '/buyallplanBase', '1', '/rowBuyPlan/**', '83');
INSERT INTO `ztsfs`.`zt_menu` (`id`, `btnText`, `component`, `enabled`, `iconCls`, `isbtn`, `keepAlive`, `name`, `parentId`, `path`, `requireAuth`, `url`, `pid`) VALUES ('153', '发货计划', 'Product', b'1', NULL, '3', '0', '发货计划', '83', '/productionsend', '1', '/send/**', '83');
INSERT INTO `ztsfs`.`zt_menu` (`id`, `btnText`, `component`, `enabled`, `iconCls`, `isbtn`, `keepAlive`, `name`, `parentId`, `path`, `requireAuth`, `url`, `pid`) VALUES ('95', NULL, 'btn', b'1', NULL, '1', '0', '发货查看', '153', 'view', '1', '/send/**', '153');
INSERT INTO `ztsfs`.`zt_menu` (`id`, `btnText`, `component`, `enabled`, `iconCls`, `isbtn`, `keepAlive`, `name`, `parentId`, `path`, `requireAuth`, `url`, `pid`) VALUES ('96', NULL, 'btn', b'1', NULL, '1', '0', '发货新增', '153', 'add', '1', 'addproduct', '153');
INSERT INTO `ztsfs`.`zt_menu` (`id`, `btnText`, `component`, `enabled`, `iconCls`, `isbtn`, `keepAlive`, `name`, `parentId`, `path`, `requireAuth`, `url`, `pid`) VALUES ('97', NULL, 'btn', b'1', NULL, '1', '0', '发货修改', '153', 'update', '1', 'updateproduct', '153');
INSERT INTO `ztsfs`.`zt_menu` (`id`, `btnText`, `component`, `enabled`, `iconCls`, `isbtn`, `keepAlive`, `name`, `parentId`, `path`, `requireAuth`, `url`, `pid`) VALUES ('98', NULL, 'btn', b'1', NULL, '1', '0', '发货删除', '153', 'del', '1', 'deleteproduct', '153');